Handle,Title,Body (HTML),Vendor,Product Category,Type,Tags,Published,Option1 Name,Option1 Value,Option2 Name,Option2 Value,Option3 Name,Option3 Value,Variant SKU,Variant Grams,Variant Inventory Tracker,Variant Inventory Qty,Variant Inventory Policy,Variant Fulfillment Service,Variant Price,Variant Compare At Price,Variant Requires Shipping,Variant Taxable,Variant Barcode,Image Src,Image Position,Image Alt Text,Gift Card,SEO Title,SEO Description,Variant Image,Variant Weight Unit,Cost per item,Status
classic-tee,Classic Tee,"<p>Heavyweight 240gsm cotton, pre-shrunk. Cut to keep its shape after washing.</p><ul><li>100% combed cotton</li><li>Machine wash cold</li></ul>",Acme,Apparel & Accessories > Clothing,T-Shirt,"new,best-seller,cotton",TRUE,Size,S,Color,Black,,,TEE-BLK-S,220,shopify,25,deny,manual,89.00,119.00,TRUE,TRUE,,https://cdn.example.com/tee-black-1.jpg,1,Classic tee in black — front,FALSE,Classic Tee | Heavyweight Cotton,"Heavyweight 240gsm cotton tee, pre-shrunk and built to keep its shape.",https://cdn.example.com/tee-black-1.jpg,g,32.00,active
classic-tee,,,,,,,,,M,,Black,,,TEE-BLK-M,230,shopify,40,deny,manual,89.00,119.00,TRUE,TRUE,,https://cdn.example.com/tee-black-2.jpg,2,Classic tee in black — back,,,,https://cdn.example.com/tee-black-1.jpg,g,32.00,
classic-tee,,,,,,,,,L,,Black,,,TEE-BLK-L,240,shopify,18,deny,manual,89.00,119.00,TRUE,TRUE,,https://cdn.example.com/tee-white-1.jpg,3,Classic tee in white — front,,,,https://cdn.example.com/tee-black-1.jpg,g,32.00,
classic-tee,,,,,,,,,S,,White,,,TEE-WHT-S,220,shopify,12,deny,manual,89.00,119.00,TRUE,TRUE,,,,,,,,https://cdn.example.com/tee-white-1.jpg,g,32.00,
classic-tee,,,,,,,,,M,,White,,,TEE-WHT-M,230,shopify,0,deny,manual,89.00,119.00,TRUE,TRUE,,,,,,,,https://cdn.example.com/tee-white-1.jpg,g,32.00,
classic-tee,,,,,,,,,L,,White,,,TEE-WHT-L,240,shopify,7,deny,manual,89.00,119.00,TRUE,TRUE,,,,,,,,https://cdn.example.com/tee-white-1.jpg,g,32.00,
canvas-tote,Canvas Tote Bag,"<p>16oz canvas with reinforced stitching at the straps. Fits a 15in laptop.</p>",Acme,Apparel & Accessories > Handbags,Bag,"accessories,new",TRUE,Title,Default Title,,,,,TOTE-NAT,410,shopify,60,continue,manual,129.00,,TRUE,TRUE,,https://cdn.example.com/tote-1.jpg,1,Natural canvas tote bag,FALSE,Canvas Tote Bag | 16oz Reinforced Canvas,"16oz canvas tote with reinforced straps. Fits a 15in laptop.",,g,44.00,active
ceramic-mug,Ceramic Mug,"<p>350ml stoneware mug, dishwasher and microwave safe.</p>",Acme,Home & Garden > Kitchen & Dining,Drinkware,"home,gift",TRUE,Color,Sand,,,,,MUG-SAND,480,shopify,34,deny,manual,59.00,79.00,TRUE,TRUE,,https://cdn.example.com/mug-sand.jpg,1,Sand coloured ceramic mug,FALSE,Ceramic Mug | 350ml Stoneware,"350ml stoneware mug. Dishwasher and microwave safe.",https://cdn.example.com/mug-sand.jpg,g,19.00,active
ceramic-mug,,,,,,,,,Charcoal,,,,,MUG-CHAR,480,shopify,21,deny,manual,59.00,79.00,TRUE,TRUE,,https://cdn.example.com/mug-charcoal.jpg,2,Charcoal ceramic mug,,,,https://cdn.example.com/mug-charcoal.jpg,g,19.00,
